"ArticleID","actorpreferredusername","link","ArticleContent","ArticleContent_clean","addiction_label","health_label","policy_label","youth_label"
"tw421283983180054542","MoaPulse","http://twitter.com/MoaPulse/statuses/421283983180054542","Ecig Mod - Variable Voltage Carrying Travel Semi-Hard Case + Carabiner Hook for Keys - Pink Nylon ... http://t.co/hLPgwSasCZ","ecig mod variable voltage carrying travel semi hard case carabiner hook keys pink nylon hlpgwsascz",FALSE,FALSE,FALSE,FALSE
"tw423574615689277435","jessica_ne24","http://twitter.com/jessica_ne24/statuses/423574615689277435","In love with my vape ‚ò∫Ô∏èüåà http://t.co","in love vape ",FALSE,FALSE,FALSE,FALSE
"tw418175124437614534","Kingia","http://twitter.com/Kingia/statuses/418175124437614534","RT @Dan: do you have an e-cig addiction  -my mom ;(","dan e cig addiction mom",TRUE,FALSE,FALSE,FALSE
"tw419431325351702526","saldad","http://twitter.com/saldad/statuses/419431325351702526"," Vaping is bad for you ","vaping bad",FALSE,TRUE,FALSE,FALSE
"tw427547935471964134","eper","http://twitter.com/eper/statuses/427547935471964134","@Voltaire Glad you enjoyed. The near future will be a very telling time for ecig regulations throughout the world.","voltaire glad enjoyed the near future will telling ecig regulations throughout world",FALSE,FALSE,TRUE,FALSE
"tw424189379897487314","BALLY","http://twitter.com/BALLY/statuses/424189379897487314","Parenting? MT @dan54a: Kids who never smoked but are using e-cigs. How to balance smoking cessation &amp; keeping kids from e-cigs? #mnleg","parenting mt dan kids never smoked using e cigs how balance smoking cessation keeping kids e cigs mnleg",FALSE,FALSE,FALSE,TRUE
"tw426466872079683590","Marillemsen","http://twitter.com/Marillemsen/statuses/426466872079683590","RT @vero: Science 'wrong' in EU's proposed e-cigarette law - health - 23 January 2014 - New Scientist: http://t.co/Qcf6P2g3eA","vero science wrong eus proposed e cigarette law health january new scientist qcfpgea",FALSE,FALSE,TRUE,FALSE
"tw425420209894080529","konyc","http://twitter.com/konyc/statuses/425420209894080529","@katy this 15 year old kid who started coming to the gym in January smokes ecigs between sets. I couldn't make this up if I tried","katy year old kid started coming gym january smokes ecigs sets i make i tried",FALSE,FALSE,FALSE,TRUE
"tw421311092527464439","MalthyCampus","http://twitter.com/MalthyCampus/statuses/421311092527464439","RT @matt: Heroin overdoses up, nonstop pot talk on tv, alcohol and e-cig ads everywhere. America is an addicted nation. It's time fo‚Ä¶","matt heroin overdoses nonstop pot talk tv alcohol e cig ads everywhere america addicted nation its fo",TRUE,FALSE,FALSE,FALSE
"tw421305954664071149","adBoy","http://twitter.com/adBoy/statuses/421305954664071149","People who think e-cigs are healthier are more likely to smoke em http://t.co/RvKSGPiORq","people think e cigs healthier likely smoke rvksgpiorq",FALSE,TRUE,FALSE,FALSE
